{"status":"200","message":"","data":{"finder_id":"v1_purchaseorders_reportform","colTitle":[{"name":"fsBillTime","title":"单据日期","width":"80","place":"left","show":true},{"name":"fsMaterialId","title":"物料代码","place":"left","width":"80"},{"name":"fsMaterialName","title":"物料名称","place":"left","width":"150"},{"name":"fsModelno","title":"规格型号","place":"left","width":"100"},{"name":"fsOrderUnit","title":"计量单位","width":"60"},{"name":"fsSupplierName","title":"供应商","place":"left","width":"150"},{"name":"fsPurchaseOrderId","title":"单据编号","width":"100","place":"left"},{"name":"fdNumber","title":"采购数量","place":"right","width":"60"},{"name":"fdTotalTax","title":"含税金额","place":"right","width":"80"},{"name":"fdTax","title":"税额","place":"right","width":"80"}],"TaxMoney":"910.4","Money":"910.4","colContent":[{"fsBillTime":"2018-08-06","fsPurchaseOrderId":"P201808060001","fsSupplierName":"test","fiEntryNumber":"1","fsMaterialId":"006","fsMaterialName":"番茄","fsModelno":"","fsOrderUnit":"箱","fdNumber":"3.000000","fdTaxPrice":"3.0000","fdPrice":"3.0000","fdMoney":"9.0000","fdTotalTax":"9.0000","fdStorageQuantity":"-15.000000","fdTax":"0.0000","fdStorageNumber":"0.000000","fdStorageMoney":"0.0000","fdStoragePrice":"0.0000","fdStorageTotalTax":"0.0000"},{"fsBillTime":"2018-07-26","fsPurchaseOrderId":"P201807260001","fsSupplierName":"ss","fiEntryNumber":"1","fsMaterialId":"002","fsMaterialName":"鸡肉","fsModelno":"","fsOrderUnit":"箱","fdNumber":"1.000000","fdTaxPrice":"6.0000","fdPrice":"6.0000","fdMoney":"6.0000","fdTotalTax":"6.0000","fdStorageQuantity":"0.000000","fdTax":"0.0000","fdStorageNumber":"0.000000","fdStorageMoney":"0.0000","fdStoragePrice":"0.0000","fdStorageTotalTax":"0.0000"},{"fsBillTime":"2018-07-25","fsPurchaseOrderId":"P201807250002","fsSupplierName":"ss","fiEntryNumber":"1","fsMaterialId":"002","fsMaterialName":"鸡肉","fsModelno":"","fsOrderUnit":"箱","fdNumber":"1.000000","fdTaxPrice":"6.0000","fdPrice":"6.0000","fdMoney":"6.0000","fdTotalTax":"6.0000","fdStorageQuantity":"0.000000","fdTax":"0.0000","fdStorageNumber":"0.000000","fdStorageMoney":"0.0000","fdStoragePrice":"0.0000","fdStorageTotalTax":"0.0000"},{"fsBillTime":"2018-07-25","fsPurchaseOrderId":"P201807250001","fsSupplierName":"ss","fiEntryNumber":"1","fsMaterialId":"002","fsMaterialName":"鸡肉","fsModelno":"","fsOrderUnit":"箱","fdNumber":"1.000000","fdTaxPrice":"6.0000","fdPrice":"6.0000","fdMoney":"6.0000","fdTotalTax":"6.0000","fdStorageQuantity":"0.000000","fdTax":"0.0000","fdStorageNumber":"0.000000","fdStorageMoney":"0.0000","fdStoragePrice":"0.0000","fdStorageTotalTax":"0.0000"},{"fsBillTime":"2018-07-25","fsPurchaseOrderId":"P201807250003","fsSupplierName":"ss","fiEntryNumber":"1","fsMaterialId":"002","fsMaterialName":"鸡肉","fsModelno":"","fsOrderUnit":"箱","fdNumber":"1.000000","fdTaxPrice":"6.0000","fdPrice":"6.0000","fdMoney":"6.0000","fdTotalTax":"6.0000","fdStorageQuantity":"0.000000","fdTax":"0.0000","fdStorageNumber":"0.000000","fdStorageMoney":"0.0000","fdStoragePrice":"0.0000","fdStorageTotalTax":"0.0000"},{"fsBillTime":"2018-07-23","fsPurchaseOrderId":"P201807230003","fsSupplierName":"QQ","fiEntryNumber":"1","fsMaterialId":"002","fsMaterialName":"鸡肉","fsModelno":"","fsOrderUnit":"箱","fdNumber":"1.000000","fdTaxPrice":"0.0000","fdPrice":"0.0000","fdMoney":"0.0000","fdTotalTax":"0.0000","fdStorageQuantity":"0.000000","fdTax":"0.0000","fdStorageNumber":"0.000000","fdStorageMoney":"0.0000","fdStoragePrice":"0.0000","fdStorageTotalTax":"0.0000"},{"fsBillTime":"2018-07-23","fsPurchaseOrderId":"P201807230002","fsSupplierName":"ss","fiEntryNumber":"1","fsMaterialId":"002","fsMaterialName":"鸡肉","fsModelno":"","fsOrderUnit":"箱","fdNumber":"1.000000","fdTaxPrice":"6.0000","fdPrice":"6.0000","fdMoney":"6.0000","fdTotalTax":"6.0000","fdStorageQuantity":"0.000000","fdTax":"0.0000","fdStorageNumber":"0.000000","fdStorageMoney":"0.0000","fdStoragePrice":"0.0000","fdStorageTotalTax":"0.0000"},{"fsBillTime":"2018-07-23","fsPurchaseOrderId":"P201807230001","fsSupplierName":"2.8.1.1成本集采中心1","fiEntryNumber":"1","fsMaterialId":"002","fsMaterialName":"鸡肉","fsModelno":"","fsOrderUnit":"箱","fdNumber":"1.000000","fdTaxPrice":"0.0000","fdPrice":"0.0000","fdMoney":"0.0000","fdTotalTax":"0.0000","fdStorageQuantity":"0.000000","fdTax":"0.0000","fdStorageNumber":"0.000000","fdStorageMoney":"0.0000","fdStoragePrice":"0.0000","fdStorageTotalTax":"0.0000"},{"fsBillTime":"2018-07-20","fsPurchaseOrderId":"P201807200006","fsSupplierName":"2.8.1.1成本集采中心1","fiEntryNumber":"1","fsMaterialId":"002","fsMaterialName":"鸡肉","fsModelno":"","fsOrderUnit":"箱","fdNumber":"1.000000","fdTaxPrice":"0.0000","fdPrice":"0.0000","fdMoney":"0.0000","fdTotalTax":"0.0000","fdStorageQuantity":"0.000000","fdTax":"0.0000","fdStorageNumber":"0.000000","fdStorageMoney":"0.0000","fdStoragePrice":"0.0000","fdStorageTotalTax":"0.0000"},{"fsBillTime":"2018-07-20","fsPurchaseOrderId":"P201807200001","fsSupplierName":"2.8.1.1成本集采中心1","fiEntryNumber":"1","fsMaterialId":"002","fsMaterialName":"鸡肉","fsModelno":"","fsOrderUnit":"箱","fdNumber":"2.000000","fdTaxPrice":"0.0000","fdPrice":"0.0000","fdMoney":"0.0000","fdTotalTax":"0.0000","fdStorageQuantity":"0.000000","fdTax":"0.0000","fdStorageNumber":"0.000000","fdStorageMoney":"0.0000","fdStoragePrice":"0.0000","fdStorageTotalTax":"0.0000"},{"fsBillTime":"2018-07-20","fsPurchaseOrderId":"P201807200004","fsSupplierName":"2.8.1.1成本集采中心1","fiEntryNumber":"1","fsMaterialId":"002","fsMaterialName":"鸡肉","fsModelno":"","fsOrderUnit":"箱","fdNumber":"1.000000","fdTaxPrice":"0.0000","fdPrice":"0.0000","fdMoney":"0.0000","fdTotalTax":"0.0000","fdStorageQuantity":"0.000000","fdTax":"0.0000","fdStorageNumber":"0.000000","fdStorageMoney":"0.0000","fdStoragePrice":"0.0000","fdStorageTotalTax":"0.0000"},{"fsBillTime":"2018-07-20","fsPurchaseOrderId":"P201807200006","fsSupplierName":"2.8.1.1成本集采中心1","fiEntryNumber":"2","fsMaterialId":"002","fsMaterialName":"鸡肉","fsModelno":"","fsOrderUnit":"箱","fdNumber":"2.000000","fdTaxPrice":"0.0000","fdPrice":"0.0000","fdMoney":"0.0000","fdTotalTax":"0.0000","fdStorageQuantity":"0.000000","fdTax":"0.0000","fdStorageNumber":"0.000000","fdStorageMoney":"0.0000","fdStoragePrice":"0.0000","fdStorageTotalTax":"0.0000"},{"fsBillTime":"2018-07-20","fsPurchaseOrderId":"P201807200008","fsSupplierName":"2.8.1.1成本集采中心1","fiEntryNumber":"2","fsMaterialId":"002","fsMaterialName":"鸡肉","fsModelno":"","fsOrderUnit":"箱","fdNumber":"2.000000","fdTaxPrice":"1.0000","fdPrice":"1.0000","fdMoney":"2.0000","fdTotalTax":"2.0000","fdStorageQuantity":"0.000000","fdTax":"0.0000","fdStorageNumber":"0.000000","fdStorageMoney":"0.0000","fdStoragePrice":"0.0000","fdStorageTotalTax":"0.0000"},{"fsBillTime":"2018-07-20","fsPurchaseOrderId":"P201807200007","fsSupplierName":"2.8.1.1成本集采中心1","fiEntryNumber":"1","fsMaterialId":"002","fsMaterialName":"鸡肉","fsModelno":"","fsOrderUnit":"箱","fdNumber":"1.000000","fdTaxPrice":"1.0000","fdPrice":"1.0000","fdMoney":"1.0000","fdTotalTax":"1.0000","fdStorageQuantity":"0.000000","fdTax":"0.0000","fdStorageNumber":"0.000000","fdStorageMoney":"0.0000","fdStoragePrice":"0.0000","fdStorageTotalTax":"0.0000"},{"fsBillTime":"2018-07-20","fsPurchaseOrderId":"P201807200007","fsSupplierName":"2.8.1.1成本集采中心1","fiEntryNumber":"2","fsMaterialId":"002","fsMaterialName":"鸡肉","fsModelno":"","fsOrderUnit":"箱","fdNumber":"2.000000","fdTaxPrice":"1.0000","fdPrice":"1.0000","fdMoney":"2.0000","fdTotalTax":"2.0000","fdStorageQuantity":"0.000000","fdTax":"0.0000","fdStorageNumber":"0.000000","fdStorageMoney":"0.0000","fdStoragePrice":"0.0000","fdStorageTotalTax":"0.0000"},{"fsBillTime":"2018-07-20","fsPurchaseOrderId":"P201807200005","fsSupplierName":"2.8.1.1成本集采中心1","fiEntryNumber":"1","fsMaterialId":"002","fsMaterialName":"鸡肉","fsModelno":"","fsOrderUnit":"箱","fdNumber":"1.000000","fdTaxPrice":"1.0000","fdPrice":"1.0000","fdMoney":"1.0000","fdTotalTax":"1.0000","fdStorageQuantity":"-5.000000","fdTax":"0.0000","fdStorageNumber":"0.000000","fdStorageMoney":"0.0000","fdStoragePrice":"0.0000","fdStorageTotalTax":"0.0000"},{"fsBillTime":"2018-07-20","fsPurchaseOrderId":"P201807200008","fsSupplierName":"2.8.1.1成本集采中心1","fiEntryNumber":"1","fsMaterialId":"002","fsMaterialName":"鸡肉","fsModelno":"","fsOrderUnit":"箱","fdNumber":"1.000000","fdTaxPrice":"1.0000","fdPrice":"1.0000","fdMoney":"1.0000","fdTotalTax":"1.0000","fdStorageQuantity":"-15.000000","fdTax":"0.0000","fdStorageNumber":"0.000000","fdStorageMoney":"0.0000","fdStoragePrice":"0.0000","fdStorageTotalTax":"0.0000"},{"fsBillTime":"2018-07-13","fsPurchaseOrderId":"P201807130001","fsSupplierName":"2.8.1.1成本集采中心1","fiEntryNumber":"1","fsMaterialId":"002","fsMaterialName":"鸡肉","fsModelno":"","fsOrderUnit":"箱","fdNumber":"1.000000","fdTaxPrice":"1.0000","fdPrice":"1.0000","fdMoney":"1.0000","fdTotalTax":"1.0000","fdStorageQuantity":"0.000000","fdTax":"0.0000","fdStorageNumber":"5.000000","fdStorageMoney":"1.0000","fdStoragePrice":"0.2000","fdStorageTotalTax":"1.0000"},{"fsBillTime":"2018-07-11","fsPurchaseOrderId":"P201807110003","fsSupplierName":"ss","fiEntryNumber":"1","fsMaterialId":"003","fsMaterialName":"牛肉","fsModelno":"","fsOrderUnit":"箱","fdNumber":"1.000000","fdTaxPrice":"35.0000","fdPrice":"35.0000","fdMoney":"35.0000","fdTotalTax":"35.0000","fdStorageQuantity":"-5.000000","fdTax":"0.0000","fdStorageNumber":"0.000000","fdStorageMoney":"0.0000","fdStoragePrice":"0.0000","fdStorageTotalTax":"0.0000"},{"fsBillTime":"2018-07-11","fsPurchaseOrderId":"P201807110002","fsSupplierName":"ss","fiEntryNumber":"1","fsMaterialId":"002","fsMaterialName":"鸡肉","fsModelno":"","fsOrderUnit":"箱","fdNumber":"1.000000","fdTaxPrice":"30.0000","fdPrice":"30.0000","fdMoney":"30.0000","fdTotalTax":"30.0000","fdStorageQuantity":"0.000000","fdTax":"0.0000","fdStorageNumber":"5.000000","fdStorageMoney":"30.0000","fdStoragePrice":"6.0000","fdStorageTotalTax":"30.0000"}],"page_info":{"total":"39","total_page":"2"},"Box":[]}}
